画像ファイルパス,,
Window_a_00.png,0,
man0.png,1,男0
male0.png,2,男0
man1.png,1,男1
male1.png,2,男1
man3.png,1,男3
male3.png,2,男3
man4.png,1,男4
male5.png,2,男4
man5.png,1,男5
male5.png,2,男5
man6.png,1,男6
male6.png,2,男6
man7.png,1,男7
male7.png,2,男7
man8.png,1,男8
male8.png,2,男8
man9.png,1,敵1
male57.png,2,敵1
man11.png,1,男11
male11.png,2,男11
man12.png,1,男12
male12.png,2,男12
man13.png,1,男13
male13.png,2,男13
man14.png,1,男14
male14.png,2,男14
man16.png,1,男16
male13.png,2,男16
man17.png,1,男17
male17.png,2,男17
man18.png,1,男18
male18.png,2,男18
man19.png,1,男19
male19.png,2,男19
man20.png,1,男20
male20.png,2,男20
man21.png,1,男21
male21.png,2,男21
man22.png,1,男22
male22.png,2,男22
man23.png,1,男23
male23.png,2,男23
man24.png,1,男24
male24.png,2,男24
man26.png,1,男26
male26.png,2,男26
man27.png,1,男27
male27.png,2,男27
man28.png,1,敵2
male0.png,2,敵2
man30.png,1,男30
male30.png,2,男30
man32.png,1,男32
male32.png,2,男32
man33.png,1,男33
male33.png,2,男33
man34.png,1,男34
male34.png,2,男34
man36.png,1,男36
male36.png,2,男36
man38.png,1,男38
male38.png,2,男38
man40.png,1,男40
male40.png,2,男40
man41.png,1,男41
male41.png,2,男41
man42.png,1,男42
male42.png,2,男42
man43.png,1,男43
male62.png,2,男43
man44.png,1,男44
male44.png,2,男44
man45.png,1,男45
male40.png,2,男45
man47.png,1,男47
male62.png,2,男47
man48.png,1,敵5
female12.png,2,敵5
man49.png,1,男49
male18.png,2,男49
man51.png,1,男51
male62.png,2,男51
man52.png,1,敵3
male62.png,2,敵3
man53.png,1,男53
male53.png,2,男53
man54.png,1,敵4
male44.png,2,敵4
man55.png,1,男55
male44.png,2,男55
man57.png,1,男57
male57.png,2,男57
man58.png,1,男58
male58.png,2,男58
man60.png,1,男60
male62.png,2,男60
man61.png,1,男61
male61.png,2,男61
woman0.png,1,女0
female0.png,2,女0
woman1.png,1,女1
female1.png,2,女1
woman2.png,1,女2
female2.png,2,女2
woman3.png,1,女3
female3.png,2,女3
woman4.png,1,女4
female4.png,2,女4
woman5.png,1,女5
female5.png,2,女5
woman6.png,1,女6
female6.png,2,女6
woman8.png,1,女8
female8.png,2,女8
woman9.png,1,女9
female9.png,2,女9
woman10.png,1,メイド
female9.png,2,メイド
woman11.png,1,女11
female11.png,2,女11
woman12.png,1,女12
female12.png,2,女12
woman13.png,1,女13
female13.png,2,女13
woman14.png,1,女14
female14.png,2,女14
woman15.png,1,女15
female15.png,2,女15
woman16.png,1,女16
female16.png,2,女16
woman17.png,1,女17
female17.png,2,女17
woman18.png,1,女18
female18.png,2,女18
woman19.png,1,女19
female19.png,2,女19
woman20.png,1,女20
female20.png,2,女20
woman21.png,1,女21
female21.png,2,女21
woman22.png,1,女22
female22.png,2,女22
woman23.png,1,女23
female23.png,2,女23
woman24.png,1,女24
female24.png,2,女24
woman25.png,1,女25
female25.png,2,女25
woman26.png,1,女26
female26.png,2,女26
woman27.png,1,女27
female27.png,2,女27
woman28.png,1,女28
female28.png,2,女28
woman29.png,1,女29
female29.png,2,女29
woman30.png,1,女30
female30.png,2,女30
woman31.png,1,女31
female31.png,2,女31
woman32.png,1,女32
female32.png,2,女32
woman33.png,1,女33
female33.png,2,女33
woman34.png,1,女34
female34.png,2,女34
woman35.png,1,女35
female35.png,2,女35
woman36.png,1,女36
female36.png,2,女36
woman37.png,1,女37
female37.png,2,女37
woman38.png,1,女38
female38.png,2,女38
woman39.png,1,女39
female39.png,2,女39
woman41.png,1,女41
female41.png,2,女41
woman42.png,1,女42
female42.png,2,女42
woman43.png,1,女43
female43.png,2,女43
woman44.png,1,女44
female44.png,2,女44
woman45.png,1,女45
female45.png,2,女45
woman46.png,1,女46
female46.png,2,女46
woman47.png,1,女47
female47.png,2,女47
woman48.png,1,女48
female48.png,2,女48
